Year,Alabama,Alaska,Arizona,Arkansas,California,Colorado,Connecticut,Delaware,District of Columbia,Florida,Georgia,Hawaii,Idaho,Illinois,Indiana,Iowa,Kansas,Kentucky,Louisiana,Maine,Maryland,Massachusetts,Michigan,Minnesota,Mississippi,Missouri,Montana,Nebraska,Nevada,New Hampshire,New Jersey,New Mexico,New York,North Carolina,North Dakota,Ohio,Oklahoma,Oregon,Pennsylvania,Rhode Island,South Carolina,South Dakota,Tennessee,Texas,Utah,Vermont,Virginia,Washington,West Virginia,Wisconsin,Wyoming
1980,8.9,9.6,6.6,7.6,6.8,5.8,5.8,7.6,7.4,6.1,6.3,5,7.5,8.2,9.6,6,4.4,8,6.9,7.6,6.6,5.6,12.3,5.8,7.4,7.2,6.1,3.9,6.2,4.5,7.2,7.6,7.5,6.4,4.9,8.4,4.4,8.5,8,7.2,6.7,4.8,7.4,5.1,6.2,6.2,5.2,8.1,9.5,7.2,3.9
1981,10.6,9.4,6.2,8.7,7.4,5.7,6.2,7.8,8.9,6.7,6.4,5.4,7.7,8.5,9.9,6.6,4.3,8.6,8.4,7.4,7.3,6.5,12.4,5.8,8.5,7.6,6.8,4.2,7.2,5.2,7.4,7.3,7.6,6.5,4.8,9.4,3.6,9.8,8.4,7.8,8.1,5,9,5.3,6.6,5.8,6,9.6,10.6,8,4.1
1982,14.1,9.9,10.1,9.9,10,7.3,6.9,8.4,10.4,8.4,7.8,6.3,9.9,11.4,12,8.5,6.3,10.8,10.3,8.4,8.3,7.7,15.4,7.9,11.1,9.2,8.5,5.6,9.9,6.8,8.7,9.2,8.5,9.2,5.6,12.7,6,11.5,11.2,9.7,11.1,5.5,11.7,6.9,8.2,7,7.4,11.9,14,10.5,6.2
1983,13.8,9.9,8.8,9.9,9.8,7.1,6,7.7,11.2,8.5,7.7,6.2,8.9,11.8,11.2,8.1,5.9,11.4,11.5,8.3,7,6.8,14.4,8,12.1,9.9,8.6,5.6,9.6,5.5,8,9.7,8.7,9,5.7,12.4,8.4,10.8,11.5,8.3,9.9,5.2,11.5,7.9,8.7,6.4,6.4,11.1,17.8,10.2,8.2
1984,11,9.8,5.2,8.7,7.8,5.4,4.7,6.3,9.1,6.4,6.1,5.7,7.3,9,8.6,7,4.9,9.3,10.1,6.2,5.4,4.8,11.2,6.3,10.5,7.2,7.6,4.5,7.9,4.3,6.2,7.8,7.2,6.7,5.3,9.5,7.1,9.4,9.1,5.5,6.9,4.4,8.5,6.1,6.5,5.1,5.1,9.3,14.8,7.4,6.3
1985,9.2,9.7,6.3,8.7,7.2,6.1,4.7,5.1,8.1,6,6.4,5.4,7.9,9.1,7.8,7.5,5.1,9.2,11.6,5.5,4.6,4,10,6,10.4,6.5,7.7,5.2,7.7,3.7,5.6,8.3,6.6,5.6,5.7,8.9,7.2,8.8,8,4.6,6.9,4.8,7.9,7,6,4.8,5.5,8.4,13.1,7.2,6.9
1986,9.7,10.9,6.9,8.6,6.7,7.5,3.8,4.3,7.5,5.8,6,4.8,8.4,8.3,6.9,6.8,5.3,9.4,12.8,5.3,4.6,3.9,8.8,5.5,11.4,6.2,7.9,5,6.2,2.8,5,9.3,6.2,5.3,5.9,8.3,8.2,8,6.9,4.1,6.4,4.6,7.9,8.8,6.1,4.3,5,8.1,11.8,7,8.9
1987,8.1,10.3,6.5,8.1,5.8,7.5,3.4,3.1,6.3,5.3,5.7,3.8,7.6,7.4,6.2,5.5,4.8,8.5,12.1,4.4,4.4,3.2,8.3,5.1,10,6.3,7.4,4.4,6.1,2.3,4.1,8.7,4.9,4.5,5,7.1,7.3,6.3,5.6,3.6,5.5,4.2,6.6,8.4,6.2,3.6,4.3,7.3,10.8,5.9,8
1988,7.2,8.8,6.4,7.6,5.3,6.5,3,3.1,5,5.1,5.7,3.2,6,6.7,5.2,4.5,4.5,7.6,10.8,3.6,4.3,3.3,7.5,4.3,8.4,5.7,6.6,3.6,5.2,2.4,3.8,7.5,4.3,3.6,4.7,6,6.4,5.8,5,3.1,4.7,4.1,5.8,7.3,5,3,3.9,6.3,9.8,4.4,6.5
1989,7,7,5.3,7,5.1,5.7,3.8,3.5,4.9,5.6,5.5,2.5,5.3,6,4.9,4.2,4.2,6.4,8,4,3.8,4.2,7.1,4.3,7.8,5.5,5.8,2.9,4.7,3.5,4.1,6.7,5,3.5,4.3,5.5,5.6,5.4,4.7,4.1,4.6,4,5.1,6.7,4.5,3.5,3.9,5.9,8.6,4.3,6.1
1990,6.8,7.2,5.3,6.9,5.8,5.2,5.1,4.7,6.3,6.1,5.5,2.7,5.5,6.1,5.3,4.4,4.3,6,6.2,5.3,4.5,6.3,7.6,4.8,7.6,5.8,6,2.3,4.7,5.7,5,6.6,5.3,4.1,4,5.6,5.7,5.5,5.5,6.3,4.8,3.8,5.3,6.3,4.4,5,4.5,5.2,8.5,4.4,5.3
1991,7.3,8.5,5.9,7.4,7.7,5.3,6.5,6.2,7.8,7.5,5.2,2.9,6.2,7.3,6,4.7,4.4,7.3,7.3,7.5,6.1,8.6,9.2,5.1,8.5,6.6,6.9,2.7,5.8,7.3,6.7,7.1,7.2,5.8,4.4,6.5,6.3,6.4,7,8.6,6.1,3.5,6.8,6.9,4.7,6.6,5.9,6.3,10.6,5.5,5.2
1992,7.6,8.9,7.5,7.1,9.3,6,7.6,5.4,8.6,8.2,6.9,4.3,6.4,7.9,6.6,4.5,4.5,6.9,8,7.3,6.8,8.5,9,5.1,8.1,6.2,6.7,2.9,6.7,7.3,8.4,7.2,8.6,6,4.7,7.4,6,7.4,7.6,8.9,6.7,3.3,6.5,7.6,4.8,6.1,6.3,7.3,11.3,5.1,5.6
1993,7.3,7.7,6.4,6.1,9.5,5.3,6.6,5.1,8.5,7.1,6,4.5,6,7.4,5.4,4,5,6.2,7.6,7.3,6.2,7,7.2,5,6.6,6.2,6,2.8,6.8,6.1,7.6,7,7.9,5,4.3,6.6,5.9,7,7,7.7,7.3,3.4,5.8,7.2,4.1,5.2,5.2,7.3,10.6,4.8,5.3
1994,6.2,7.6,6.1,5.4,8.6,4.2,5.6,4.8,8,6.4,5.2,5.5,5.4,5.8,4.9,3.5,4.9,5.4,7.8,7,5.3,6,6,4.1,6.3,5.1,5.2,2.6,6.2,4.7,6.8,6.5,6.9,4.4,3.7,5.6,5.6,5.4,6.3,6.9,6.2,3.3,4.8,6.5,3.8,4.6,4.9,6.6,8.8,4.5,5
1995,6,7.3,5.3,4.8,7.9,4,5.5,4.3,8.8,5.5,4.8,5.9,5.4,5.2,4.6,3.4,4.4,5.4,7,6,5,5.3,5.3,3.7,6.2,4.7,5.7,2.6,5.6,4,6.4,6.6,6.3,4.3,3.2,4.8,4.6,4.9,5.9,6.3,5.2,3,5.2,6.1,3.5,4.3,4.5,6.4,7.9,3.8,4.8
1996,5.2,7.6,5.6,5.3,7.3,4.2,5.5,5.1,8.4,5.2,4.7,6.3,5.3,5.3,4.1,3.5,4.3,5.5,6.6,5.2,5,4.4,4.9,4,6,4.8,5.3,2.7,5,3.8,6.1,7.2,6.2,4.3,2.9,5,4.1,5.7,5.4,5.4,5.8,3.2,5.2,5.7,3.4,4.3,4.4,6.1,7.5,3.6,4.9
1997,5,7.1,4.6,5.2,6.4,3.5,5,4,8,4.8,4.6,6.2,5.1,4.8,3.5,3.1,3.8,5.3,6,5.1,5,3.9,4.3,3.3,5.7,4.3,5.3,2.5,4.4,3.3,5.3,6.3,6.4,3.7,2.7,4.6,4.1,5.7,5.1,5.1,4.6,2.9,5.3,5.3,3.2,3.9,3.8,4.9,6.9,3.6,4.8
1998,4.4,6.3,4.3,5.2,5.9,3.6,3.4,3.7,8.4,4.3,4.3,6.1,5.1,4.4,3.1,2.7,3.5,4.6,5.7,4.5,4.4,3.3,3.9,2.7,5.3,4.2,5.5,2.6,4.2,2.8,4.6,6.1,5.6,3.5,2.9,4.3,4.3,5.7,4.6,4.6,3.8,2.8,4.3,4.9,3.6,3.4,2.9,4.8,6.6,3.4,4.7
1999,4.7,6.5,4.4,4.6,5.2,3.1,2.9,3.4,6.4,3.9,3.9,5.4,4.9,4.4,3,2.6,3.3,4.5,5.1,4,3.6,3.2,3.7,2.8,5.1,3.3,5.3,2.8,4,2.7,4.5,5.6,5.2,3.2,3.3,4.3,3.5,5.5,4.4,4.2,4.3,2.7,4,4.7,3.5,3,2.7,4.9,6.5,3.1,4.6
2000,4.6,6.4,4,4.3,4.9,2.8,2.4,3.7,5.6,3.7,3.6,4.2,4.7,4.3,3.1,2.6,3.6,4.2,5.3,3.4,3.6,2.7,3.6,3.2,5.4,3.6,5,2.8,4.2,2.7,3.7,4.9,4.5,3.7,3,4,3,5.1,4.1,4.1,3.8,2.5,3.9,4.3,3.3,2.8,2.3,5.2,5.5,3.5,3.9
