Year,United States
1980,7.1
1981,7.6
1982,9.7
1983,9.6
1984,7.5
1985,7.2
1986,7
1987,6.2
1988,5.5
1989,5.3
1990,5.6
1991,6.8
1992,7.5
1993,6.9
1994,6.1
1995,5.6
1996,5.4
1997,4.9
1998,4.5
1999,4.2
2000,4
